Model,MAE,MSE,RMSE,MAPE (%)
ARIMA,219530.31923941523,81654743834.79509,285752.9419530009,23.297166013458927
Prophet,1118558.9497800907,1747694992045.6433,1322004.1573480938,167.4452405662161
